Age,Fare,Pclass,Sex,Embarked,Survived
56,116.14,2,male,C,1
69,226.13,1,female,Q,0
46,120.93,2,female,Q,1
32,249.6,1,female,C,0
60,172.88,1,female,S,1
25,23.74,3,female,Q,0
78,15.86,3,male,C,0
38,44.49,3,female,S,0
56,9.03,3,female,Q,1
75,27.23,3,female,Q,0
36,209.06,3,male,S,1
40,162.63,1,female,S,0
28,226.22,3,male,C,0
28,274.38,2,female,C,0
41,177.62,3,female,Q,1
70,219.21,3,male,S,1
53,228.34,3,female,S,1
57,116.47,1,male,S,0
41,76.12,3,male,Q,1
20,65.49,3,male,S,1
39,79.18,1,female,S,0
70,86.05,2,female,Q,1
19,66.13,3,female,C,1
41,264.08,1,male,C,1
61,228.31,3,female,Q,1
47,18.83,2,male,S,0
55,84.26,1,female,Q,0
19,11.54,3,male,C,1
77,151.96,2,male,C,0
38,145.48,3,male,Q,1
50,250.25,1,female,Q,1
29,95.79,1,male,C,1
75,245.83,3,male,Q,1
39,290.55,3,male,C,0
78,31.08,3,male,Q,0
61,238.59,3,male,Q,0
42,179.04,3,male,Q,0
66,146.61,1,female,C,0
44,129.06,2,female,Q,0
76,236.48,3,male,C,1
59,193.61,3,female,C,1
45,242.49,3,female,Q,0
77,271.43,2,male,Q,0
33,187.09,2,male,C,1
32,294.24,3,male,C,0
79,184.39,3,female,S,0
79,192.81,3,male,C,0
64,168.67,3,female,S,0
79,31.85,3,male,S,0
68,219.29,1,female,S,1
61,166.5,2,male,Q,0
72,138.02,1,male,Q,0
69,273.59,2,female,C,0
74,92.9,3,female,S,0
20,159.46,2,female,Q,1
54,210.8,3,female,Q,1
68,239.96,1,female,Q,1
24,140.51,2,female,Q,0
38,253.42,2,male,Q,1
26,231.83,2,female,S,1
56,24.54,3,male,S,1
35,18.53,2,male,S,0
21,188.14,3,female,S,0
42,107.49,1,male,C,0
77,66.69,1,female,S,1
31,176.0,2,female,Q,0
67,105.76,3,male,S,0
75,163.49,3,male,C,1
26,140.74,2,female,Q,1
43,177.51,2,female,S,1
70,123.09,3,male,S,0
19,210.81,1,male,S,1
37,58.12,2,male,Q,0
45,210.47,3,male,Q,0
64,126.44,3,female,C,0
77,262.92,2,female,Q,0
24,156.99,3,female,Q,0
61,292.07,3,female,S,1
78,182.57,2,male,Q,0
25,71.04,3,male,S,1
64,247.43,3,female,S,0
52,106.8,2,female,Q,0
31,107.55,2,female,C,0
34,14.38,2,female,C,0
53,166.87,3,female,Q,0
67,162.65,2,female,C,0
57,110.02,3,female,S,0
21,268.79,3,female,S,0
19,42.98,1,female,Q,0
79,102.38,3,male,C,1
23,99.87,2,female,C,0
71,32.23,3,male,S,1
59,146.94,3,male,Q,1
21,207.9,2,female,C,1
71,155.94,2,female,Q,1
46,51.31,1,male,C,0
35,116.3,1,male,S,1
43,5.77,2,female,S,1
61,261.15,2,male,Q,0
51,29.93,3,female,S,0
27,181.2,2,female,C,0
79,295.95,2,female,S,1
53,163.29,3,male,Q,1
31,277.59,1,male,Q,0
48,74.65,3,female,Q,0
65,229.19,3,male,C,0
32,161.72,3,male,C,0
25,217.55,1,male,C,1
31,23.39,2,male,C,0
40,48.58,2,male,C,0
77,44.27,3,male,S,0
74,207.71,1,male,C,1
79,254.11,2,female,C,0
57,226.14,3,male,S,1
38,13.99,2,male,C,0
33,260.83,2,male,Q,0
62,109.47,1,male,C,0
35,122.16,3,male,C,0
64,35.94,1,male,Q,0
70,222.53,3,male,Q,1
41,58.77,3,male,Q,1
43,171.37,2,female,Q,1
42,253.01,3,male,C,0
77,31.32,1,male,Q,1
77,162.92,2,male,Q,0
77,73.8,3,male,S,0
62,106.16,3,female,Q,0
58,144.82,3,female,Q,0
46,109.76,3,female,S,1
32,196.4,1,female,S,0
62,146.48,1,female,C,0
18,177.34,1,female,S,1
42,222.36,2,female,C,0
24,169.53,2,female,S,0
26,178.03,2,female,S,0
41,171.52,2,female,C,1
18,116.74,2,female,S,1
61,104.55,3,female,C,0
25,270.4,3,female,S,0
41,184.23,2,female,Q,0
28,77.08,3,female,S,1
68,151.98,3,female,C,0
34,102.45,1,male,S,0
25,280.44,3,female,C,0
52,7.22,3,male,C,0
52,71.47,3,female,Q,0
50,112.78,2,female,Q,1
76,148.9,3,male,C,0
22,255.99,2,female,S,0
59,30.93,3,male,C,1
56,242.73,3,male,C,1
75,21.42,3,male,S,0
58,253.48,3,female,S,0
45,20.23,3,female,S,0
24,10.38,1,female,S,1
26,210.6,2,male,C,0
25,299.19,3,male,C,1
29,269.5,2,female,Q,1
51,174.92,1,female,C,0
50,275.63,1,female,S,0
65,6.56,2,female,Q,0
72,292.64,3,female,S,0
40,149.77,3,male,C,0
79,218.25,3,male,Q,1
41,247.15,3,male,S,1
54,216.94,2,female,Q,0
52,162.84,2,male,Q,1
61,145.6,3,male,C,0
57,252.38,1,male,S,0
39,65.5,3,male,Q,0
44,290.56,3,male,Q,1
52,214.73,2,female,S,1
18,63.85,3,male,Q,1
52,222.19,3,female,Q,0
54,161.3,3,female,Q,0
64,213.63,1,female,S,0
31,231.49,2,female,S,0
20,30.75,3,female,S,1
18,154.3,2,male,S,1
22,279.94,1,male,C,1
43,99.59,3,female,Q,0
72,180.2,1,female,S,0
31,113.92,3,female,Q,0
56,139.01,3,male,Q,0
44,166.84,3,female,C,0
26,166.93,2,male,S,1
32,64.51,3,female,S,1
32,206.95,1,male,Q,0
43,30.92,1,female,S,0
59,45.95,3,male,Q,0
77,5.8,2,female,Q,0
30,39.43,2,male,C,1
68,144.58,3,male,C,0
49,183.8,1,male,C,0
56,239.32,2,male,Q,0
66,36.48,2,male,S,1
69,255.96,3,male,C,0
78,225.06,3,male,S,0
49,125.51,2,female,C,0
21,280.22,2,female,C,1
47,297.32,1,female,Q,1
54,65.48,1,female,C,0
40,116.87,3,female,C,1
56,278.3,2,male,Q,1
62,217.87,1,male,S,1
32,19.19,3,male,C,1
60,235.55,3,male,Q,1
46,249.24,3,male,C,0
53,226.4,2,female,Q,1
30,240.86,2,female,S,0
49,248.41,2,female,S,1
24,59.99,1,female,Q,0
76,74.53,3,male,Q,1
68,191.96,3,male,Q,1
39,272.82,3,male,S,0
45,98.28,3,female,C,1
19,178.55,2,male,S,0
59,206.48,3,female,Q,1
62,138.32,2,male,Q,0
79,215.57,3,male,S,0
74,270.4,2,female,Q,1
70,189.11,1,male,S,0
23,164.24,2,male,Q,1
45,134.43,3,female,C,0
45,175.36,2,male,C,0
61,109.83,1,female,Q,0
61,120.49,2,male,S,0
37,161.9,3,male,C,0
47,24.65,3,male,S,0
79,72.56,3,male,Q,0
28,165.14,1,male,S,0
75,132.3,3,male,C,1
72,103.18,2,male,S,1
45,220.51,3,male,S,0
42,209.65,3,female,Q,1
56,54.19,1,female,Q,0
79,264.2,1,male,Q,1
50,151.15,1,male,C,1
18,223.73,2,female,C,1
74,174.08,2,male,Q,0
44,299.32,3,male,Q,1
79,226.96,2,female,C,0
74,213.56,2,male,C,1
69,234.68,1,male,C,0
30,47.22,1,female,C,1
58,65.34,3,male,Q,1
20,215.65,2,male,C,1
56,150.72,3,female,Q,0
23,227.62,3,male,S,1
25,35.36,3,female,S,0
44,163.26,3,male,C,1
26,116.75,2,male,S,0
79,139.82,3,female,S,0
54,183.17,1,female,S,0
50,153.18,1,male,C,0
68,164.26,3,female,C,0
59,148.48,3,female,S,0
61,125.64,3,male,Q,0
41,232.71,1,male,S,1
32,8.6,2,male,C,1
76,181.54,3,female,C,0
71,171.82,2,female,C,0
49,216.27,3,female,S,0
49,181.71,3,female,Q,0
41,248.91,2,male,C,1
58,287.93,2,female,C,1
69,106.04,2,male,S,0
66,72.07,2,female,Q,0
79,129.96,3,male,S,0
66,89.94,2,male,C,1
75,186.41,3,male,Q,1
69,274.0,1,female,Q,0
29,46.04,3,male,C,0
79,34.73,2,male,Q,1
56,80.52,1,female,Q,1
19,219.2,1,male,S,0
20,179.92,3,female,C,0
66,35.15,3,female,C,0
54,276.03,3,male,C,0
66,238.07,1,male,C,0
73,11.79,1,female,C,0
34,197.15,3,male,Q,0
76,232.52,2,female,S,0
66,115.46,2,female,C,1
19,25.33,3,female,S,0
19,27.81,3,male,S,0
45,35.75,3,female,Q,0
71,252.93,3,male,C,0
40,273.65,2,male,Q,1
54,41.23,2,male,C,0
49,74.59,3,male,Q,0
50,53.83,3,female,S,1
18,59.96,1,male,C,0
36,252.06,2,female,S,1
79,102.98,1,female,S,0
19,96.88,3,male,Q,0
70,72.08,3,female,C,0
61,184.33,3,female,S,0
43,116.9,2,male,Q,1
49,224.55,3,female,C,1
23,65.65,3,female,C,0
49,237.4,1,female,S,0
72,183.1,2,female,C,1
21,38.71,2,male,S,1
72,127.28,1,female,C,0
28,259.74,3,female,Q,0
73,277.27,2,female,S,0
76,142.38,3,female,S,1
34,146.85,2,male,C,0
55,275.94,1,female,C,0
41,178.19,2,male,S,1
22,14.69,1,female,C,0
69,274.26,2,male,Q,0
51,78.23,3,male,C,0
23,175.4,3,male,Q,0
39,53.83,3,male,Q,0
28,14.99,1,male,Q,0
65,96.88,1,female,Q,0
33,235.25,1,female,Q,0
50,86.89,3,female,C,1
26,69.93,1,male,Q,1
77,67.74,2,female,C,0
76,156.98,3,male,Q,0
23,292.78,2,male,S,0
33,140.4,1,female,Q,0
46,169.41,2,female,S,0
20,258.89,3,male,Q,1
37,162.85,3,male,Q,0
77,59.42,2,female,Q,0
76,93.38,1,female,S,0
53,96.43,3,female,S,1
36,122.21,3,female,Q,0
43,130.9,2,male,C,1
20,240.94,3,female,Q,0
36,108.07,2,female,S,1
37,143.13,3,female,Q,1
49,189.37,3,male,S,0
24,116.43,2,male,S,0
69,251.79,3,male,S,0
58,178.3,3,male,Q,0
50,91.74,3,female,S,1
57,215.65,1,male,S,1
56,160.66,1,female,Q,1
35,162.66,2,female,S,1
57,146.92,3,female,Q,0
18,151.62,2,female,S,0
28,230.78,3,male,C,1
45,35.38,3,male,C,0
74,103.64,1,male,S,1
42,27.27,3,female,C,0
67,227.21,1,female,Q,0
40,85.33,3,female,C,1
48,269.74,2,female,S,0
47,160.34,1,female,S,1
59,241.22,2,male,Q,1
52,293.78,2,female,S,1
24,252.74,3,male,Q,1
77,260.76,3,female,C,0
33,125.36,3,female,C,1
43,167.76,1,male,Q,0
65,79.9,1,male,Q,0
74,62.85,1,female,S,1
69,154.12,3,female,C,0
77,180.54,3,female,Q,0
66,105.09,2,female,C,0
19,172.99,1,male,Q,0
18,266.8,3,female,C,1
65,169.23,3,male,S,0
79,217.64,3,female,C,1
29,242.57,3,male,C,1
22,296.67,2,male,C,1
54,182.94,1,female,C,0
49,243.02,3,male,C,1
76,288.98,3,female,S,0
72,283.6,2,male,Q,1
26,46.62,3,female,C,0
58,124.89,3,male,S,1
52,100.58,3,female,C,1
36,30.64,3,female,C,0
65,191.81,2,male,Q,0
33,222.09,3,male,C,1
20,255.2,3,male,S,0
37,41.22,3,male,S,1
41,263.55,3,female,Q,0
71,194.66,3,male,C,0
73,212.66,1,female,S,1
50,273.63,3,male,C,1
41,189.3,3,female,C,1
69,104.08,3,female,C,0
28,248.41,3,female,Q,1
66,112.1,3,female,C,0
25,15.1,2,male,S,1
53,250.04,3,male,C,1
55,106.83,1,female,S,0
57,233.28,2,male,C,0
37,112.01,3,male,S,0
79,259.02,3,female,S,1
52,69.76,2,male,C,0
65,292.49,1,male,C,1
79,235.03,3,male,S,0
42,38.7,1,female,Q,1
52,171.9,1,male,C,1
42,295.68,1,female,Q,0
46,143.96,1,male,C,0
35,58.72,1,male,C,0
63,148.01,2,male,C,1
35,156.18,2,female,C,1
19,223.8,3,female,Q,0
71,211.16,3,male,C,1
52,123.75,3,female,S,0
33,69.32,1,male,S,0
78,195.29,2,female,Q,1
58,129.4,3,female,C,0
53,44.02,1,male,S,0
50,270.67,2,male,Q,0
21,208.91,3,male,C,0
50,206.54,3,male,S,0
31,247.66,1,female,S,0
38,161.25,2,female,Q,1
65,245.44,3,female,C,0
37,151.94,1,male,C,0
73,24.82,3,male,S,0
25,124.55,3,female,S,0
24,151.75,3,male,S,1
20,217.46,2,female,C,1
34,36.44,3,female,Q,0
50,46.31,3,female,Q,1
65,82.79,2,female,C,0
29,83.62,1,female,Q,0
76,220.99,3,male,S,0
68,78.97,2,male,Q,0
39,191.76,2,male,Q,0
72,150.81,1,female,Q,1
39,174.12,3,female,S,0
63,252.24,3,female,C,1
47,124.29,3,female,S,0
55,232.42,2,male,C,0
55,129.5,1,male,C,1
62,109.39,3,female,C,0
68,287.8,2,female,Q,0
71,59.39,1,female,Q,1
25,31.65,3,male,C,1
44,232.44,3,male,C,1
44,25.13,3,male,Q,1
51,251.94,3,female,S,1
38,133.97,3,female,C,1
47,275.08,2,male,S,0
50,217.85,3,female,Q,0
45,185.07,3,male,C,0
64,285.05,1,female,S,0
50,122.01,3,male,S,1
22,286.46,3,female,S,1
77,44.83,3,male,Q,0
78,147.71,3,male,Q,0
65,84.62,3,male,S,1
36,164.25,3,male,S,0
21,52.79,1,male,Q,1
52,253.25,3,male,S,0
66,254.69,2,female,S,0
34,286.79,2,female,Q,0
61,50.63,2,female,S,0
45,188.88,2,male,S,1
47,144.9,2,male,S,1
46,106.59,3,female,Q,1
63,108.7,3,male,S,0
70,126.77,3,male,Q,0
23,212.95,1,male,Q,1
52,181.49,3,male,C,1
77,140.61,3,male,C,0
58,27.4,3,female,S,0
54,27.94,1,female,Q,1
41,5.69,1,female,C,0
46,290.47,2,female,S,0
66,6.55,1,female,C,0
63,35.41,2,male,C,0
70,97.81,3,male,Q,1
48,243.19,2,male,Q,1
52,288.82,1,male,C,0
77,238.05,2,female,C,0
50,208.72,1,female,Q,0
69,158.78,1,female,S,0
78,30.58,2,male,Q,0
38,287.66,2,female,C,1
49,228.73,3,male,S,0
40,193.49,3,female,C,0
50,228.92,2,female,S,0
20,218.61,2,male,C,0
35,192.98,3,male,S,0
42,294.27,2,female,S,0
59,271.49,1,female,C,1
48,195.77,3,male,S,0
71,209.49,1,female,Q,0
75,20.22,3,female,C,1
20,202.63,3,male,Q,1
57,18.03,2,female,C,0
63,178.54,2,male,S,1
41,299.81,3,female,S,0
67,168.96,1,male,S,0
49,144.6,2,female,C,0
64,97.29,3,male,Q,1
39,40.55,3,female,Q,1
40,220.65,1,male,C,0
19,61.82,3,female,C,0
44,39.01,2,female,Q,1
59,129.42,3,female,Q,0
19,239.63,3,female,Q,0


